<?xml version="1.0" encoding="UTF-8"?><rss version="2.0"
	xmlns:content="http://purl.org/rss/1.0/modules/content/"
	xmlns:wfw="http://wellformedweb.org/CommentAPI/"
	xmlns:dc="http://purl.org/dc/elements/1.1/"
	xmlns:atom="http://www.w3.org/2005/Atom"
	xmlns:sy="http://purl.org/rss/1.0/modules/syndication/"
	xmlns:slash="http://purl.org/rss/1.0/modules/slash/"
	>

<channel>
	<title>Interior &#8211; Emittest</title>
	<atom:link href="/category/interior/feed/" rel="self" type="application/rss+xml" />
	<link>/</link>
	<description></description>
	<lastBuildDate>Fri, 19 Aug 2022 08:49:57 +0000</lastBuildDate>
	<language>en-US</language>
	<sy:updatePeriod>
	hourly	</sy:updatePeriod>
	<sy:updateFrequency>
	1	</sy:updateFrequency>
	<generator>https://wordpress.org/?v=6.7.1</generator>
	<item>
		<title>Ullamcorper Sitamet Risusnullam</title>
		<link>/ullamcorper-sitamet-risusnullam/</link>
					<comments>/ullamcorper-sitamet-risusnullam/#respond</comments>
		
		<dc:creator><![CDATA[Emit]]></dc:creator>
		<pubDate>Fri, 19 Aug 2022 08:49:57 +0000</pubDate>
				<category><![CDATA[Interior]]></category>
		<guid isPermaLink="false">https://startersites.io/blocksy/renovation/?p=632</guid>

					<description><![CDATA[Lorem ipsum dolor sit amet, consectetur adipiscing elit, sed do eiusmod tempor incididunt ut labore et dolore magna aliqua. Posuere morbi leo urna molestie at elementum. Dui faucibus in ornare quam viverra orci sagittis eu volutpat. Tristique sollicitudin nibh sit amet commodo nulla facilisi nullam vehicula. Magna ac placerat vestibulum lectus mauris. Neque egestas congue [&#8230;]]]></description>
										<content:encoded><![CDATA[
<p>Lorem ipsum dolor sit amet, consectetur adipiscing elit, sed do eiusmod tempor incididunt ut labore et dolore magna aliqua. Posuere morbi leo urna molestie at elementum. Dui faucibus in ornare quam viverra orci sagittis eu volutpat. Tristique sollicitudin nibh sit amet commodo nulla facilisi nullam vehicula. Magna ac placerat vestibulum lectus mauris. Neque egestas congue quisque egestas. Odio ut sem nulla pharetra diam sit amet nisl. Tempus iaculis urna id volutpat lacus laoreet non. Neque sodales ut etiam sit. Tellus elementum sagittis vitae et. Ipsum faucibus vitae aliquet nec ullamcorper sit amet.</p>



<p>Eget nunc lobortis mattis aliquam faucibus purus. Platea dictumst vestibulum rhoncus est. Sagittis purus sit amet volutpat consequat mauris. Sodales ut eu sem integer vitae justo. Diam quam nulla porttitor massa id. Pretium aenean pharetra magna ac placerat vestibulum. Faucibus nisl tincidunt eget nullam. Orci eu lobortis elementum nibh. Non enim praesent elementum facilisis. Augue ut lectus arcu bibendum at. Laoreet suspendisse interdum consectetur libero id faucibus nisl tincidunt eget. Dolor sed viverra ipsum nunc aliquet. Turpis egestas sed tempus urna et pharetra pharetra massa massa. Lorem mollis aliquam ut porttitor leo a diam sollicitudin. Mauris nunc congue nisi vitae.</p>



<p>Adipiscing diam donec adipiscing tristique risus nec. Tellus mauris a diam maecenas sed enim. Facilisi etiam dignissim diam quis. In fermentum posuere urna nec tincidunt. Mattis nunc sed blandit libero volutpat sed. Consequat ac felis donec et odio pellentesque diam. Lectus proin nibh nisl condimentum id venenatis a condimentum. Tellus integer feugiat scelerisque varius morbi enim nunc faucibus. Mi quis hendrerit dolor magna eget est lorem. Egestas tellus rutrum tellus pellentesque eu tincidunt. Bibendum est ultricies integer quis auctor elit. Sagittis nisl rhoncus mattis rhoncus urna. Platea dictumst quisque sagittis purus. Proin libero nunc consequat interdum varius sit. Odio ut sem nulla pharetra diam sit amet. Convallis tellus id interdum velit laoreet id donec ultrices. Quis enim lobortis scelerisque fermentum dui faucibus in ornare quam.</p>



<p>Venenatis tellus in metus vulputate. Sed vulputate odio ut enim blandit volutpat maecenas volutpat blandit. Senectus et netus et malesuada fames ac turpis. Lacus suspendisse faucibus interdum posuere lorem ipsum. Mattis rhoncus urna neque viverra justo nec. Dictumst quisque sagittis purus sit amet volutpat consequat mauris. Fringilla est ullamcorper eget nulla facilisi etiam. Ullamcorper sit amet risus nullam eget felis. Velit dignissim sodales ut eu sem integer vitae justo eget. Duis ut diam quam nulla porttitor massa id. Malesuada fames ac turpis egestas integer eget aliquet nibh praesent. Neque viverra justo nec ultrices dui sapien eget mi. Tincidunt vitae semper quis lectus nulla at volutpat diam ut. Egestas purus viverra accumsan in nisl nisi scelerisque eu. Mattis aliquam faucibus purus in. Massa tincidunt dui ut ornare lectus sit amet est. Elit duis tristique sollicitudin nibh sit amet commodo nulla facilisi. Vel orci porta non pulvinar neque laoreet suspendisse interdum. Odio facilisis mauris sit amet massa vitae tortor condimentum lacinia.</p>



<p>Viverra maecenas accumsan lacus vel facilisis volutpat est velit. Sit amet commodo nulla facilisi nullam. Congue nisi vitae suscipit tellus mauris a diam maecenas sed. Pharetra pharetra massa massa ultricies. Pellentesque elit ullamcorper dignissim cras tincidunt lobortis feugiat vivamus. Porta non pulvinar neque laoreet suspendisse interdum consectetur libero id. Amet nulla facilisi morbi tempus iaculis urna. Venenatis a condimentum vitae sapien pellentesque habitant morbi. Leo integer malesuada nunc vel risus commodo. Etiam sit amet nisl purus in mollis nunc. Feugiat in fermentum posuere urna nec tincidunt. Massa sed elementum tempus egestas sed. Netus et malesuada fames ac turpis.</p>
]]></content:encoded>
					
					<wfw:commentRss>/ullamcorper-sitamet-risusnullam/feed/</wfw:commentRss>
			<slash:comments>0</slash:comments>
		
		
			</item>
		<item>
		<title>Lorem Mollis Aliquam Porttitor</title>
		<link>/hello-world/</link>
					<comments>/hello-world/#comments</comments>
		
		<dc:creator><![CDATA[Emit]]></dc:creator>
		<pubDate>Mon, 15 Aug 2022 08:16:45 +0000</pubDate>
				<category><![CDATA[Interior]]></category>
		<guid isPermaLink="false">https://startersites.io/blocksy/renovation/?p=1</guid>

					<description><![CDATA[Lorem ipsum dolor sit amet, consectetur adipiscing elit, sed do eiusmod tempor incididunt ut labore et dolore magna aliqua. Posuere morbi leo urna molestie at elementum. Dui faucibus in ornare quam viverra orci sagittis eu volutpat. Tristique sollicitudin nibh sit amet commodo nulla facilisi nullam vehicula. Magna ac placerat vestibulum lectus mauris. Neque egestas congue [&#8230;]]]></description>
										<content:encoded><![CDATA[
<p>Lorem ipsum dolor sit amet, consectetur adipiscing elit, sed do eiusmod tempor incididunt ut labore et dolore magna aliqua. Posuere morbi leo urna molestie at elementum. Dui faucibus in ornare quam viverra orci sagittis eu volutpat. Tristique sollicitudin nibh sit amet commodo nulla facilisi nullam vehicula. Magna ac placerat vestibulum lectus mauris. Neque egestas congue quisque egestas. Odio ut sem nulla pharetra diam sit amet nisl. Tempus iaculis urna id volutpat lacus laoreet non. Neque sodales ut etiam sit. Tellus elementum sagittis vitae et. Ipsum faucibus vitae aliquet nec ullamcorper sit amet.</p>



<p>Eget nunc lobortis mattis aliquam faucibus purus. Platea dictumst vestibulum rhoncus est. Sagittis purus sit amet volutpat consequat mauris. Sodales ut eu sem integer vitae justo. Diam quam nulla porttitor massa id. Pretium aenean pharetra magna ac placerat vestibulum. Faucibus nisl tincidunt eget nullam. Orci eu lobortis elementum nibh. Non enim praesent elementum facilisis. Augue ut lectus arcu bibendum at. Laoreet suspendisse interdum consectetur libero id faucibus nisl tincidunt eget. Dolor sed viverra ipsum nunc aliquet. Turpis egestas sed tempus urna et pharetra pharetra massa massa. Lorem mollis aliquam ut porttitor leo a diam sollicitudin. Mauris nunc congue nisi vitae.</p>



<p>Adipiscing diam donec adipiscing tristique risus nec. Tellus mauris a diam maecenas sed enim. Facilisi etiam dignissim diam quis. In fermentum posuere urna nec tincidunt. Mattis nunc sed blandit libero volutpat sed. Consequat ac felis donec et odio pellentesque diam. Lectus proin nibh nisl condimentum id venenatis a condimentum. Tellus integer feugiat scelerisque varius morbi enim nunc faucibus. Mi quis hendrerit dolor magna eget est lorem. Egestas tellus rutrum tellus pellentesque eu tincidunt. Bibendum est ultricies integer quis auctor elit. Sagittis nisl rhoncus mattis rhoncus urna. Platea dictumst quisque sagittis purus. Proin libero nunc consequat interdum varius sit. Odio ut sem nulla pharetra diam sit amet. Convallis tellus id interdum velit laoreet id donec ultrices. Quis enim lobortis scelerisque fermentum dui faucibus in ornare quam.</p>



<p>Venenatis tellus in metus vulputate. Sed vulputate odio ut enim blandit volutpat maecenas volutpat blandit. Senectus et netus et malesuada fames ac turpis. Lacus suspendisse faucibus interdum posuere lorem ipsum. Mattis rhoncus urna neque viverra justo nec. Dictumst quisque sagittis purus sit amet volutpat consequat mauris. Fringilla est ullamcorper eget nulla facilisi etiam. Ullamcorper sit amet risus nullam eget felis. Velit dignissim sodales ut eu sem integer vitae justo eget. Duis ut diam quam nulla porttitor massa id. Malesuada fames ac turpis egestas integer eget aliquet nibh praesent. Neque viverra justo nec ultrices dui sapien eget mi. Tincidunt vitae semper quis lectus nulla at volutpat diam ut. Egestas purus viverra accumsan in nisl nisi scelerisque eu. Mattis aliquam faucibus purus in. Massa tincidunt dui ut ornare lectus sit amet est. Elit duis tristique sollicitudin nibh sit amet commodo nulla facilisi. Vel orci porta non pulvinar neque laoreet suspendisse interdum. Odio facilisis mauris sit amet massa vitae tortor condimentum lacinia.</p>



<p>Viverra maecenas accumsan lacus vel facilisis volutpat est velit. Sit amet commodo nulla facilisi nullam. Congue nisi vitae suscipit tellus mauris a diam maecenas sed. Pharetra pharetra massa massa ultricies. Pellentesque elit ullamcorper dignissim cras tincidunt lobortis feugiat vivamus. Porta non pulvinar neque laoreet suspendisse interdum consectetur libero id. Amet nulla facilisi morbi tempus iaculis urna. Venenatis a condimentum vitae sapien pellentesque habitant morbi. Leo integer malesuada nunc vel risus commodo. Etiam sit amet nisl purus in mollis nunc. Feugiat in fermentum posuere urna nec tincidunt. Massa sed elementum tempus egestas sed. Netus et malesuada fames ac turpis.</p>
]]></content:encoded>
					
					<wfw:commentRss>/hello-world/feed/</wfw:commentRss>
			<slash:comments>1</slash:comments>
		
		
			</item>
	</channel>
</rss>
